Samplename,wellposition,forwardmid
AR0001,A01,ACGAAGAGA
AR0003,B01,TCCTACTCTA
AR0004,C01,CTACTTAGTA
AR0006,D01,CGCATTGGTA
AR0008,E01,CCTCGGCTTA
AR0017,F01,GGAGAAGTTA
AR0019,G01,TTCAACTGA
AR0021,H01,AGCAGAATA
AR0024,A02,CTAAGGCCTA
AR0025,B02,CGGAGACG
AR0028,C02,GGTAACCG
IGNORE,D02,CATATGCG
AR0034,E02,AGAACCGG
AR0036,F02,ATCGCTGG
AR0039,G02,TTCAACCAAC
AR0040,H02,CTACGGCAAC
AR0047,A03,GGTCAGAGA
AR0048,B03,AGACTTAGA
AR0055,C03,CGCGTCCGA
AR0056,D03,ATGCGGCGA
AR0058,E03,CAGAGAGGA
AR0062,F03,GCTATCGGA
AR0064,G03,GTTACTTG
AR0067,H03,GCGCGGAT
AR0068,A04,CCTATAGCTA
AR0071,B04,TTGGTCTCTA
AR0072,C04,TAAGCCGGTA
AR0074,D04,TCCGCGATTA
AR0077,E04,TCATTGCTTA
AR0078,F04,CTAACCGTTA
AR0083,G04,ATGACTTGA
AR0084,H04,TGGCTAATA
AR0085,A05,AACCGGAG
AR0087,B05,GTCTGACG
AR0091,C05,CTGGTCCG
AR0093,D05,GTTGAAGG
AR0095,E05,AATGGCGG
AR0099,F05,TGAGTTGG
AR0102,G05,AAGGACCAAC
AR0104,H05,CGTCGTAT
AR0106,A06,CAATGGAGA
AR0109,B06,AGGATACGA
AR0114,C06,GACGAGCGA
AR0116,D06,ATCTATCGA
AR0117,E06,CGTCTAGGA
AR0124,F06,TTCTTCGTTA
AR0125,G06,AGCGTAAT
AR0127,H06,CCATTAATA
AR0130,A07,CAAGGATCTA
AR0131,B07,AGACCGTCTA
AR0138,C07,GTCGCTGGTA
AR0142,D07,TGCCGACTTA
AR0150,E07,GGACCTCTTA
AR0156,F07,TAACCATG
AR0157,G07,CGGCGTTGA
AR0160,H07,AGCCAAGAAC
AR0161,A08,CGATATAG
AR0163,B08,ACCATACG
AR0164,C08,ATGAAGCG
AR0165,D08,TCCTCAGG
AR0166,E08,GTATTCGG
AR0172,F08,AGCCAATGA
AR0174,G08,GGAGGCCAAC
AR0175,H08,ACGTAACT
AR0179,A09,TAAGATAGA
AR0188,B09,TAACTACGA
AR0191,C09,CGTTCGCGA
AR1092,D09,CTAAGTCGA
AR0193,E09,TACGGCGGA
AR0194,F09,ACTACGGTTA
AR0198,G09,CAGTTAAT
AR0200,H09,TTGACCATA
AR0202,A10,CGCCTATCTA
AR0206,B10,AGCGATAGTA
AR0208,C10,TGGTCTGGTA
AR0205,D10,GTTGCGCTTA
AR0212,E10,ACGTCTCTTA
AR0123,F10,ACCTACTG
AR0214,G10,GAACCAATA
AR0215,H10,TTGGCAGAAC
AR0216,A11,ACTCTTAG
AR0219,B11,GAAGTACG
AR0223,C11,AGTTCGCG
AR0226,D11,CGTCTAGG
AR0227,E11,CAGCCTGG
AR0228,F11,TCATAATGA
AR0236,G11,GTCTCGCAAC
AR0237,H11,GTTATACT
AR0238,A12,ACTTCTAGA
AR0245,B12,TATTACCGA
AR0246,C12,TCTAGGCGA
AR0251,D12,GTTGAAGGA
AR0252,E12,AGATGCGGA
AR0255,F12,GAACTGGTTA
AR0261,G12,ACTTCCAT
AR0860,H12,AATGCCATA
AR0262,A01,CTCTAGCT
AR0266,B01,CCGGCGGT
AR0270,C01,TCGTATATA
AR0271,D01,AGTTAGTTAC
AR0272,E01,ATAGAGGTA
AR0274,F01,GGTTGGTTA
AR0275,G01,ATGGAACTCC
AR0277,H01,CTTGCTAAC
AR0280,A02,GGAGGCATA
AR0286,B02,AGGTCGATA
AR0290,C02,AACCTCTGAC
AR0291,D02,GAATTCCTA
AR0294,E02,CCAGGTCGCC
AR0296,F02,AGAGTCTGCC
AR0299,G02,CAACCGAAC
AR0300,H02,GTATTATTCC
AR0301,A03,AAGCCATAAC
AR0302,B03,ATTAGCAGAC
AR0308,C03,CAACGCTT
AR0311,D03,ATATCCAACC
AR0312,E03,CAGTAGGTA
AR0313,F03,GCGACCAAC
AR0314,G03,TAATAACTCC
AR0315,H03,CCAATTAAC
AR0316,A04,TGGCATCT
AR0317,B04,ACTATGGT
AR0319,C04,CTCGGTATA
AR0321,D04,AGTCATCTA
AR0322,E04,TAACTTCGCC
AR0323,F04,TGCGATTGCC
AR0325,G04,ATGAGGAAC
AR0333,H04,TGCTTCTTCC
AR0335,A05,AACCAGATA
AR0336,B05,GCGCGGATA
AR0337,C05,TTAATGGTAC
AR0342,D05,TCAGCGTACC
AR0346,E05,CGCTACTTA
AR0347,F05,TTACGCAAC
AR0349,G05,TGGCGGCTCC
AR0353,H05,CTATAAGAC
AR0358,A06,ACTAACTAAC
AR0362,B06,CGTCGGAGAC
AR0367,C06,GGTCAGTT
AR0368,D06,GCCTCTCTA
AR0370,E06,TTCTCTGGCC
AR0373,F06,TCTGCCATCC
AR0379,G06,GCTCTGAAC
AR0381,H06,GTCGCGTTCC
AR0385,A07,GAATGAGT
AR0386,B07,AGAAGATT
AR0395,C07,TTATGACTA
AR0398,D07,TGCATTCTA
AR0402,E07,ATTCGCTTA
AR0411,F07,GACTGCAAC
AR0419,G07,CGCAGTCTCC
AR0425,H07,TCTCCAGAC
AR0426,A08,CTTCCGATA
AR0433,B08,GTCTTGATA
AR0436,C08,TTCGGATTAC
AR0444,D08,CAGATAAGCC
AR0452,E08,GCTGACTGCC
AR0464,F08,CTGCTCATCC
AR0467,G08,TGATTGAAC
AR0474,H08,GTTCGCAAGC
AR0477,A09,TAGAGCTAAC
AR0478,B09,TACTATCGAC
AR0480,C09,ATTGCGTT
AR0484,D09,AAGGTTCTA
AR0486,E09,ACCATCTTA
AR0488,F09,AGATTGATCC
AR0492,G09,ACGGATAAC
AR0495,H09,ACCGGAGAC
AR0499,A10,GCCGTCGT
AR0500,B10,GATAATATA
AR0501,C10,GTTCTACTA
AR0504,D10,CCTTCTAGCC
AR0506,E10,CTCTACTGCC
AR0511,F10,CGTAAGAAC
AR0513,G10,TAGGCGGTCC
AR0518,H10,CCATTCAAGC
AR0523,A11,TCAGCGATA
AR0524,B11,TCCGTTGGAC
AR0525,C11,TAAGACTTAC
AR0526,D11,CCTTCCGTA
AR0527,E11,AAGAGGTTA
AR0528,F11,AATATTATCC
AR0529,G11,TGGCCTAAC
AR0531,H11,GTTATAGAC
AR0541,A12,GTATCAAGAC
AR0542,B12,GGATCCTT
AR0543,C12,CATAGCCTA
AR0547,D12,TCTCGCCGCC
AR0554,E12,AATTCCTGCC
AR0555,F12,GTCGAGAAC
AR0557,G12,GACTTGGTCC
AR0863,H12,CGCAATAAGC
AR0560,A01,AGTCGCGAC
AR0570,B01,TAGCTGGAC
AR0573,C01,CCTAGCTAC
AR0583,D01,CCTTCAACC
AR0585,E01,ATCAATACC
AR0586,F01,GGTAGCCTGC
AR0590,G01,TCAAGCTTGC
AR0593,H01,CGGTTCTCC
AR0596,A02,GAGGCTAAGC
AR0598,B02,AGGACGGAGC
AR0599,C02,CCGGCAGCGC
AR0614,D02,CATGGTTCGC
AR0617,E02,GCCTCTCGGC
AR0618,F02,AAGGACGCC
AR0619,G02,GGTCCATCC
AR0620,H02,TATTGATATC
AR0621,A03,CTCCTCGAC
AR0622,B03,GAGGCTGAC
AR0623,C03,AGGCAGTAC
AR0624,D03,CGAAGAACC
AR0628,E03,AGATCTACC
AR0629,F03,TTAGCGCTGC
AR0636,G03,ATGAGGTTGC
AR0637,H03,CAAGAGTCC
AR0640,A04,AGACGTAAGC
AR0649,B04,GCATGGTAGC
AR0654,C04,AGCAACGCGC
AR0655,D04,TTACGAAGGC
AR0656,E04,CGAAGATGGC
AR0658,F04,GGAACCGCC
AR0660,G04,ACGATATCC
AR0662,H04,GGCATATATC
AR0665,A05,ACGTTCGAC
AR0666,B05,AGAGTTGAC
AR0667,C05,TTGAATTAC
AR0668,D05,ATTGGAACC
AR0669,E05,GAGAGTACC
AR0670,F05,CATCCTCTGC
AR0671,G05,TGGTCCAATC
AR0672,H05,CCGCCGTCC
AR0673,A06,GGTCCGCAGC
AR0675,B06,GTCTAGACGC
AR0682,C06,GCAACCGCGC
AR0683,D06,GAAGTCAGGC
AR0684,E06,GGAGCTTGGC
AR0687,F06,CTGAAGGCC
AR0688,G06,GTTAACTCC
AR0691,H06,ACTTCGTATC
AR0695,A07,GATTAGGAC
AR0699,B07,TGCAGATAC
AR0702,C07,TAATCTTAC
AR0704,D07,TATATAACC
AR0707,E07,TTGGTTACC
AR0712,F07,AACCAATTGC
AR0714,G07,GAGAATCATC
AR0715,H07,TCAAGGTCC
AR0718,A08,ACTAGGCAGC
AR0722,B08,TATCTGACGC
AR0724,C08,GAATATGCGC
AR0725,D08,ATCCGCCGGC
AR0736,E08,GCGCGGATGC
AR0738,F08,GCCATGGCC
AR0743,G08,ATCTCCTCC
AR0746,H08,GACCATACTC
AR0747,A09,TTAGCGGAC
AR0749,B09,GAAGTATAC
AR0754,C09,ATCCGTTAC
AR0755,D09,GTATTAACC
AR0756,E09,TTGATTATGC
AR0757,F09,GATTCATTGC
AR0758,G09,CTCCTAGATC
AR0759,H09,CGCCATTCC
AR0760,A10,TGGCTAGAGC
AR0762,B10,TGCGGTACGC
AR0763,C10,TACGCGTCGC
AR0764,D10,CATATCCGGC
AR0765,E10,GCGTAAGCC
AR0766,F10,CGACTGGCC
AR0767,G10,GAACGCTCC
AR0768,H10,TTATATACTC
AR0769,A11,AGCTCGGAC
AR0770,B11,CGAGCCTAC
AR0775,C11,AAGCCAACC
AR0778,D11,ACCGCGACC
AR0784,E11,GCGTTACTGC
AR0786,F11,ATCTCCTTGC
AR0787,G11,TCTTACGATC
AR0792,H11,CTAACTTCC
AR0794,A12,GATGACGAGC
AR0800,B12,TTGAAGCCGC
AR0801,C12,ACGTCTTCGC
AR0802,D12,TATGAGCGGC
AR0803,E12,CATCGAGCC
AR0804,F12,ACTCATGCC
AR0807,G12,AATATGGATC
AR0862,H12,AGTAGTTCC
AR0809,A01,TCCGGACCTC
AR0810,B01,ACGATATCTC
AR0811,C01,TTGGCTCGTC
AR0812,D01,TACCTGCTTC
AR0816,E01,GAGGCGCAAG
AR0817,F01,GGTAGCGAAG
AR0819,G01,TCTAGTATC
AR0821,H01,GAGTAATCAG
AR0823,A02,TCCTGAAGC
AR0826,B02,GTAACGAGC
AR0827,C02,GGCCGACGC
AR0829,D02,GCGAATCGC
AR0830,E02,CATACCGGC
AR0835,F02,ACCGACTGC
AR0836,G02,CGAGCGTAAG
AR0841,H02,CGATAGCTC
AR0844,A03,AGGCTGCCTC
AR0846,B03,TACCGCTCTC
AR0851,C03,TATCCTGGTC
AR0852,D03,TCCATAGTTC
AR0853,E03,ACGCGGCAAG
AR0073,F03,AGTCCGGAAG
AR0558,G03,ACGCGACTC
AR0808,H03,GCAGCCTCAG
AR0859,A04,GGTAGCAGC
AR0029,B04,CCGTTGAGC
Lambda1,C04,ATCAGCCGC
Lambda2,D04,CGACCTCGC
Lambda3,E04,GCCTCCGGC
Lambda4,F04,AATTGCTGC
Lambda5,G04,AATTAGCCAG
Lambda6,H04,ATACCGCTC